{
    "interactionModel": {
        "languageModel": {
            "invocationName": "lets plan",
            "intents": [
                {
                    "name": "AMAZON.CancelIntent",
                    "samples": []
                },
                {
                    "name": "AMAZON.HelpIntent",
                    "samples": []
                },
                {
                    "name": "AMAZON.StopIntent",
                    "samples": []
                },
                {
                    "name": "AMAZON.NavigateHomeIntent",
                    "samples": []
                },
                {
                    "name": "CaptureAssignmentIntent",
                    "slots": [
                        {
                            "name": "subjectA",
                            "type": "subjectA"
                        },
                        {
                            "name": "assignmentA",
                            "type": "assignmentA"
                        },
                        {
                            "name": "dayA",
                            "type": "dayA"
                        },
                        {
                            "name": "subjectB",
                            "type": "subjectB"
                        },
                        {
                            "name": "assignmentB",
                            "type": "assignmentB"
                        },
                        {
                            "name": "dayB",
                            "type": "dayB"
                        },
                        {
                            "name": "dayC",
                            "type": "dayC"
                        },
                        {
                            "name": "assignmentC",
                            "type": "assignmentC"
                        },
                        {
                            "name": "subjectC",
                            "type": "subjectC"
                        }
                    ],
                    "samples": [
                        "I got a {subjectA} {assignmentA} on {dayA} and a {subjectB} {assignmentB} on {dayB} ",
                        "I got a {subjectA} {assignmentA} on {dayA} and a {subjectB} {assignmentB} on {dayB} and a {subjectC} {assignmentC}  on {dayC}",
                        "{subjectA} {assignmentA} {dayA} ",
                        "{subjectA} {assignmentA} {dayA} {subjectB} {assignmentB} {dayB} ",
                        "{subjectA} {assignmentA} {dayA} {subjectB} {assignmentB} {dayB} {subjectC} {assignmentC} {dayC} ",
                        "I have a {subjectA} quiz on monday and a science test on tuesday",
                        "I have a math quiz on monday and a science test on tuesday"
                    ]
                }
            ],
            "types": [
                {
                    "name": "assignmentA",
                    "values": [
                        {
                            "name": {
                                "value": "reading"
                            }
                        },
                        {
                            "name": {
                                "value": "essays"
                            }
                        },
                        {
                            "name": {
                                "value": "essay"
                            }
                        },
                        {
                            "name": {
                                "value": "papers"
                            }
                        },
                        {
                            "name": {
                                "value": "paper"
                            }
                        },
                        {
                            "name": {
                                "value": "tests"
                            }
                        },
                        {
                            "name": {
                                "value": "test"
                            }
                        },
                        {
                            "name": {
                                "value": "finals"
                            }
                        },
                        {
                            "name": {
                                "value": "final"
                            }
                        },
                        {
                            "name": {
                                "value": "final exams"
                            }
                        },
                        {
                            "name": {
                                "value": "homework"
                            }
                        },
                        {
                            "name": {
                                "value": "quizzes"
                            }
                        },
                        {
                            "name": {
                                "value": "quiz"
                            }
                        },
                        {
                            "name": {
                                "value": "final exam"
                            }
                        },
                        {
                            "name": {
                                "value": "exams"
                            }
                        },
                        {
                            "name": {
                                "value": "exam"
                            }
                        }
                    ]
                },
                {
                    "name": "subjectC",
                    "values": [
                        {
                            "name": {
                                "value": "linear"
                            }
                        },
                        {
                            "name": {
                                "value": "multi"
                            }
                        },
                        {
                            "name": {
                                "value": "calc one"
                            }
                        },
                        {
                            "name": {
                                "value": "calc three"
                            }
                        },
                        {
                            "name": {
                                "value": "calc two"
                            }
                        },
                        {
                            "name": {
                                "value": "calculus"
                            }
                        },
                        {
                            "name": {
                                "value": "calc"
                            }
                        },
                        {
                            "name": {
                                "value": "bio"
                            }
                        },
                        {
                            "name": {
                                "value": "chem"
                            }
                        },
                        {
                            "name": {
                                "value": "psych"
                            }
                        },
                        {
                            "name": {
                                "value": "psychology"
                            }
                        },
                        {
                            "name": {
                                "value": "sociology"
                            }
                        },
                        {
                            "name": {
                                "value": "economics"
                            }
                        },
                        {
                            "name": {
                                "value": "econ"
                            }
                        },
                        {
                            "name": {
                                "value": "physical science"
                            }
                        },
                        {
                            "name": {
                                "value": "computer science"
                            }
                        },
                        {
                            "name": {
                                "value": "biology"
                            }
                        },
                        {
                            "name": {
                                "value": "Chemistry"
                            }
                        },
                        {
                            "name": {
                                "value": "CS"
                            }
                        },
                        {
                            "name": {
                                "value": "ECE"
                            }
                        },
                        {
                            "name": {
                                "value": "english"
                            }
                        },
                        {
                            "name": {
                                "value": "physics"
                            }
                        },
                        {
                            "name": {
                                "value": "social studies"
                            }
                        },
                        {
                            "name": {
                                "value": "history"
                            }
                        },
                        {
                            "name": {
                                "value": "science"
                            }
                        },
                        {
                            "name": {
                                "value": "math"
                            }
                        }
                    ]
                },
                {
                    "name": "subjectA",
                    "values": [
                        {
                            "name": {
                                "value": "linear"
                            }
                        },
                        {
                            "name": {
                                "value": "multi"
                            }
                        },
                        {
                            "name": {
                                "value": "calc one"
                            }
                        },
                        {
                            "name": {
                                "value": "calc three"
                            }
                        },
                        {
                            "name": {
                                "value": "calc two"
                            }
                        },
                        {
                            "name": {
                                "value": "calculus"
                            }
                        },
                        {
                            "name": {
                                "value": "calc"
                            }
                        },
                        {
                            "name": {
                                "value": "bio"
                            }
                        },
                        {
                            "name": {
                                "value": "chem"
                            }
                        },
                        {
                            "name": {
                                "value": "psych"
                            }
                        },
                        {
                            "name": {
                                "value": "psychology"
                            }
                        },
                        {
                            "name": {
                                "value": "sociology"
                            }
                        },
                        {
                            "name": {
                                "value": "economics"
                            }
                        },
                        {
                            "name": {
                                "value": "econ"
                            }
                        },
                        {
                            "name": {
                                "value": "physical science"
                            }
                        },
                        {
                            "name": {
                                "value": "computer science"
                            }
                        },
                        {
                            "name": {
                                "value": "biology"
                            }
                        },
                        {
                            "name": {
                                "value": "Chemistry"
                            }
                        },
                        {
                            "name": {
                                "value": "CS"
                            }
                        },
                        {
                            "name": {
                                "value": "ECE"
                            }
                        },
                        {
                            "name": {
                                "value": "english"
                            }
                        },
                        {
                            "name": {
                                "value": "physics"
                            }
                        },
                        {
                            "name": {
                                "value": "social studies"
                            }
                        },
                        {
                            "name": {
                                "value": "history"
                            }
                        },
                        {
                            "name": {
                                "value": "science"
                            }
                        },
                        {
                            "name": {
                                "value": "math"
                            }
                        }
                    ]
                },
                {
                    "name": "subjectB",
                    "values": [
                        {
                            "name": {
                                "value": "linear"
                            }
                        },
                        {
                            "name": {
                                "value": "multi"
                            }
                        },
                        {
                            "name": {
                                "value": "calc one"
                            }
                        },
                        {
                            "name": {
                                "value": "calc three"
                            }
                        },
                        {
                            "name": {
                                "value": "calc two"
                            }
                        },
                        {
                            "name": {
                                "value": "calculus"
                            }
                        },
                        {
                            "name": {
                                "value": "calc"
                            }
                        },
                        {
                            "name": {
                                "value": "bio"
                            }
                        },
                        {
                            "name": {
                                "value": "chem"
                            }
                        },
                        {
                            "name": {
                                "value": "psych"
                            }
                        },
                        {
                            "name": {
                                "value": "psychology"
                            }
                        },
                        {
                            "name": {
                                "value": "sociology"
                            }
                        },
                        {
                            "name": {
                                "value": "economics"
                            }
                        },
                        {
                            "name": {
                                "value": "econ"
                            }
                        },
                        {
                            "name": {
                                "value": "physical science"
                            }
                        },
                        {
                            "name": {
                                "value": "computer science"
                            }
                        },
                        {
                            "name": {
                                "value": "biology"
                            }
                        },
                        {
                            "name": {
                                "value": "Chemistry"
                            }
                        },
                        {
                            "name": {
                                "value": "CS"
                            }
                        },
                        {
                            "name": {
                                "value": "ECE"
                            }
                        },
                        {
                            "name": {
                                "value": "english"
                            }
                        },
                        {
                            "name": {
                                "value": "physics"
                            }
                        },
                        {
                            "name": {
                                "value": "social studies"
                            }
                        },
                        {
                            "name": {
                                "value": "history"
                            }
                        },
                        {
                            "name": {
                                "value": "science"
                            }
                        },
                        {
                            "name": {
                                "value": "math"
                            }
                        }
                    ]
                },
                {
                    "name": "assignmentB",
                    "values": [
                        {
                            "name": {
                                "value": "reading"
                            }
                        },
                        {
                            "name": {
                                "value": "essays"
                            }
                        },
                        {
                            "name": {
                                "value": "essay"
                            }
                        },
                        {
                            "name": {
                                "value": "papers"
                            }
                        },
                        {
                            "name": {
                                "value": "paper"
                            }
                        },
                        {
                            "name": {
                                "value": "tests"
                            }
                        },
                        {
                            "name": {
                                "value": "test"
                            }
                        },
                        {
                            "name": {
                                "value": "finals"
                            }
                        },
                        {
                            "name": {
                                "value": "final"
                            }
                        },
                        {
                            "name": {
                                "value": "final exams"
                            }
                        },
                        {
                            "name": {
                                "value": "homework"
                            }
                        },
                        {
                            "name": {
                                "value": "quizzes"
                            }
                        },
                        {
                            "name": {
                                "value": "quiz"
                            }
                        },
                        {
                            "name": {
                                "value": "final exam"
                            }
                        },
                        {
                            "name": {
                                "value": "exams"
                            }
                        },
                        {
                            "name": {
                                "value": "exam"
                            }
                        }
                    ]
                },
                {
                    "name": "assignmentC",
                    "values": [
                        {
                            "name": {
                                "value": "reading"
                            }
                        },
                        {
                            "name": {
                                "value": "essays"
                            }
                        },
                        {
                            "name": {
                                "value": "essay"
                            }
                        },
                        {
                            "name": {
                                "value": "papers"
                            }
                        },
                        {
                            "name": {
                                "value": "paper"
                            }
                        },
                        {
                            "name": {
                                "value": "tests"
                            }
                        },
                        {
                            "name": {
                                "value": "test"
                            }
                        },
                        {
                            "name": {
                                "value": "finals"
                            }
                        },
                        {
                            "name": {
                                "value": "final"
                            }
                        },
                        {
                            "name": {
                                "value": "final exams"
                            }
                        },
                        {
                            "name": {
                                "value": "homework"
                            }
                        },
                        {
                            "name": {
                                "value": "quizzes"
                            }
                        },
                        {
                            "name": {
                                "value": "quiz"
                            }
                        },
                        {
                            "name": {
                                "value": "final exam"
                            }
                        },
                        {
                            "name": {
                                "value": "exams"
                            }
                        },
                        {
                            "name": {
                                "value": "exam"
                            }
                        }
                    ]
                },
                {
                    "name": "dayA",
                    "values": [
                        {
                            "name": {
                                "value": "Monday"
                            }
                        },
                        {
                            "name": {
                                "value": "Tuesday"
                            }
                        },
                        {
                            "name": {
                                "value": "Wednesday"
                            }
                        },
                        {
                            "name": {
                                "value": "Thursday"
                            }
                        },
                        {
                            "name": {
                                "value": "Friday"
                            }
                        },
                        {
                            "name": {
                                "value": "Saturday"
                            }
                        },
                        {
                            "name": {
                                "value": "Sunday"
                            }
                        }
                    ]
                },
                {
                    "name": "dayB",
                    "values": [
                        {
                            "name": {
                                "value": "Monday"
                            }
                        },
                        {
                            "name": {
                                "value": "Tuesday"
                            }
                        },
                        {
                            "name": {
                                "value": "Wednesday"
                            }
                        },
                        {
                            "name": {
                                "value": "Thursday"
                            }
                        },
                        {
                            "name": {
                                "value": "Friday"
                            }
                        },
                        {
                            "name": {
                                "value": "Saturday"
                            }
                        },
                        {
                            "name": {
                                "value": "Sunday"
                            }
                        }
                    ]
                },
                {
                    "name": "dayC",
                    "values": [
                        {
                            "name": {
                                "value": "Monday"
                            }
                        },
                        {
                            "name": {
                                "value": "Tuesday"
                            }
                        },
                        {
                            "name": {
                                "value": "Wednesday"
                            }
                        },
                        {
                            "name": {
                                "value": "Thursday"
                            }
                        },
                        {
                            "name": {
                                "value": "Friday"
                            }
                        },
                        {
                            "name": {
                                "value": "Saturday"
                            }
                        },
                        {
                            "name": {
                                "value": "Sunday"
                            }
                        }
                    ]
                }
            ]
        },
        "dialog": {
            "intents": [
                {
                    "name": "CaptureAssignmentIntent",
                    "delegationStrategy": "SKILL_RESPONSE",
                    "confirmationRequired": false,
                    "prompts": {},
                    "slots": [
                        {
                            "name": "subjectA",
                            "type": "subjectA",
                            "confirmationRequired": false,
                            "elicitationRequired": true,
                            "prompts": {
                                "elicitation": "Elicit.Slot.252243295827.1517634413970"
                            }
                        },
                        {
                            "name": "assignmentA",
                            "type": "assignmentA",
                            "confirmationRequired": false,
                            "elicitationRequired": true,
                            "prompts": {
                                "elicitation": "Elicit.Slot.252243295827.1130021856457"
                            }
                        },
                        {
                            "name": "dayA",
                            "type": "dayA",
                            "confirmationRequired": false,
                            "elicitationRequired": true,
                            "prompts": {
                                "elicitation": "Elicit.Slot.252243295827.718608345885"
                            }
                        },
                        {
                            "name": "subjectB",
                            "type": "subjectB",
                            "confirmationRequired": false,
                            "elicitationRequired": true,
                            "prompts": {
                                "elicitation": "Elicit.Slot.252243295827.1071550247707"
                            }
                        },
                        {
                            "name": "assignmentB",
                            "type": "assignmentB",
                            "confirmationRequired": false,
                            "elicitationRequired": true,
                            "prompts": {
                                "elicitation": "Elicit.Slot.252243295827.1425681554858"
                            }
                        },
                        {
                            "name": "dayB",
                            "type": "dayB",
                            "confirmationRequired": false,
                            "elicitationRequired": false,
                            "prompts": {}
                        },
                        {
                            "name": "dayC",
                            "type": "dayC",
                            "confirmationRequired": false,
                            "elicitationRequired": true,
                            "prompts": {
                                "elicitation": "Elicit.Slot.252243295827.1126844027854"
                            }
                        },
                        {
                            "name": "assignmentC",
                            "type": "assignmentC",
                            "confirmationRequired": false,
                            "elicitationRequired": true,
                            "prompts": {
                                "elicitation": "Elicit.Slot.252243295827.213028592734"
                            }
                        },
                        {
                            "name": "subjectC",
                            "type": "subjectC",
                            "confirmationRequired": false,
                            "elicitationRequired": true,
                            "prompts": {
                                "elicitation": "Elicit.Slot.252243295827.1376214510591"
                            }
                        }
                    ]
                }
            ],
            "delegationStrategy": "ALWAYS"
        },
        "prompts": [
            {
                "id": "Elicit.Slot.252243295827.1517634413970",
                "variations": [
                    {
                        "type": "PlainText",
                        "value": "I'm sorry, what was your first class?"
                    }
                ]
            },
            {
                "id": "Elicit.Slot.252243295827.1130021856457",
                "variations": [
                    {
                        "type": "PlainText",
                        "value": "I'm sorry, what was your first assignment?"
                    }
                ]
            },
            {
                "id": "Elicit.Slot.252243295827.718608345885",
                "variations": [
                    {
                        "type": "PlainText",
                        "value": "I'm sorry, what day was your first assignment?"
                    }
                ]
            },
            {
                "id": "Elicit.Slot.252243295827.1425681554858",
                "variations": [
                    {
                        "type": "PlainText",
                        "value": "I'm sorry, what was your second assignment?"
                    }
                ]
            },
            {
                "id": "Elicit.Slot.252243295827.248448617336",
                "variations": [
                    {
                        "type": "PlainText",
                        "value": "I'm sorry, what day was the second {assignmentB} ?"
                    }
                ]
            },
            {
                "id": "Elicit.Slot.252243295827.1071550247707",
                "variations": [
                    {
                        "type": "PlainText",
                        "value": "I'm sorry, what was your second class?"
                    }
                ]
            },
            {
                "id": "Elicit.Slot.252243295827.1126844027854",
                "variations": [
                    {
                        "type": "PlainText",
                        "value": "I'm sorry, what day was third {assignmentC}"
                    }
                ]
            },
            {
                "id": "Elicit.Slot.252243295827.213028592734",
                "variations": [
                    {
                        "type": "PlainText",
                        "value": "I'm sorry, what was your third task"
                    }
                ]
            },
            {
                "id": "Elicit.Slot.252243295827.1376214510591",
                "variations": [
                    {
                        "type": "PlainText",
                        "value": "I'm sorry, what was you're third class"
                    }
                ]
            }
        ]
    }
}
